{
    "combination": {
        "name": "VAT - Archaeological",
        "layers": [
            {
                "layer": "1",
                "visualization_method": "Sky-View Factor",
                "norm": "Value",
                "min": 0.7,
                "max": 1.0,
                "blend_mode": "Multiply",
                "opacity": 25
            },
            {
                "layer": "2",
                "visualization_method": "Openness - Positive",
                "norm": "Value",
                "min": 68,
                "max": 93,
                "blend_mode": "Overlay",
                "opacity": 50
            },
            {
                "layer": "3",
                "visualization_method": "Slope gradient",
                "norm": "Value",
                "min": 0,
                "max": 50,
                "blend_mode": "Luminosity",
                "opacity": 50
            },
            {
                "layer": "4",
                "visualization_method": "Hillshade",
                "norm": "Value",
                "min": 0,
                "max": 1,
                "blend_mode": "Normal",
                "opacity": 100
            },
            {
                "layer": "5",
                "visualization_method": "None"
            }
        ]
    }
}